{
    "tasks": [
        {
            "type": "cppbuild",
            "label": "C/C++: g++.exe 生成活动文件",
            "command": "C:\\Users\\22580\\AppData\\Roaming\\w64\\mingw64\\bin\\g++.exe",
            "args": [
                "-fdiagnostics-color=always",
                "-g",
                "${file}",
                "-std=c++20",
                "-o",
                "${fileDirname}\\coin\\${fileBasenameNoExtension}.exe"
                // ,"-fexec-charset=GBK"
                //如果不用cmd输出 就注释掉上面
            ],
            "options": {
                "cwd": "${fileDirname}"
            },
            "problemMatcher": [
                "$gcc"
            ],
            "group": {
                "kind": "build",
                "isDefault": true
            },
            "detail": "调试器生成的任务。"
        }
    ],
    "version": "2.0.0"
}